Workbook

Sheet Mode d'emploi
A1: Suivi des dégustations - ABC Terroirs
A3: Fonctionnement : le client achète une ou plusieurs places sur abcterroirs.com, puis choisit sa date par téléphone (02 55 54 79 80), par e-mail (abc3ladmirault@yahoo.com) ou par message.
A5: 1. Achats : à chaque commande de dégustation reçue (mail PrestaShop), ajouter une ligne : date, n° de commande, client, téléphone, dégustation, nombre de places.
A6: Le prix, le montant et le nombre de places encore à réserver se calculent seuls. Statut « À appeler » = le client n'a pas encore choisi sa date.
A7: 2. Séances : créer une ligne par séance prévue (date, heure, dégustation, boutique). Les places restantes se calculent seules.
A8: 3. Reservations : quand le client appelle, écrit ou envoie un message, noter son n° de commande, la date et l'heure de la séance, le nombre de places et le moyen utilisé (colonne K).
A9: Le nom du client et la dégustation s'affichent automatiquement à partir du n° de commande. Si la séance n'existe pas encore dans « Séances », la colonne « Contrôle » le signale.
A10: Le montant tient compte des remises sur volume du site (-10 % dès 4 places, -20 % dès 10 places).
A11: 4. Tarifs : liste des dégustations vendues sur le site. Si un prix change sur le site, le changer ici aussi.
A13: Couleurs : cases jaunes (texte bleu) = à remplir ; cases crème = calculées automatiquement, ne pas y toucher.
A14: Les lignes « Exemple » peuvent être effacées (sélectionner les cases jaunes de la ligne puis Suppr).
A15: Client qui paie en boutique ou par téléphone : mettre « BOUTIQUE » ou « TEL » à la place du n° de commande, dans Achats et dans Réservations.

Sheet Tarifs
A1: Dégustation | B1: Prix par place (€) | C1: ID produit PrestaShop
A2: Initiation Whisky | B2: 39.5 | C2: 372
A3: Initiation Rhum | B3: 39.5 | C3: 373
A4: Initiation Gin | B4: 39.5 | C4: 374
A5: Expert Whisky | B5: 59.5 | C5: 582
A6: Expert Rhum | B6: 59.5 | C6: 583
A7: Expert Gins | B7: 59.5 | C7: 584
A8: Initiation Bières | B8: 29.5 | C8: 585
A9: Expert Bières | B9: 39.5 | C9: 586
A12: Prix relevés sur abcterroirs.com le 14/10/2026 (fiches produits). Capacité d'une séance : voir Seances, colonne E.
A14: Remises sur volume (affichées sur les fiches)
A15: À partir de (places) | B15: Remise
A16: 4 | B16: 0.1
A17: 10 | B17: 0.2
A18: Relevé sur la fiche « Initiation Whisky » le 14/10/2026 : 4 places = -10 %, 10 places = -20 %. Vérifier le montant réel dans la commande PrestaShop.

Sheet Achats
A1: Date d'achat | B1: N° de commande | C1: Client | D1: Téléphone | E1: E-mail | F1: Dégustation | G1: Nb de places | H1: Prix par place | I1: Montant (remise incluse) | J1: Places déjà réservées | K1: Places à réserver | L1: Statut | M1: Remarques
A2: 46309 | B2: Exemple-1 | C2: Exemple : M. Martin | D2: 06 12 34 56 78 | E2: martin@exemple.fr | F2: Initiation Whisky | G2: 2 | H2: =IF(F2="","",IFERROR(INDEX(Tarifs!$B$2:$B$9,MATCH(F2,Tarifs!$A$2:$A$9,0)),"")) -> 39.5 | I2: =IF(OR(G2="",H2=""),"",G2*H2*(1-IF(G2>=Tarifs!$A$17,Tarifs!$B$17,IF(G2>=Tarifs!$A$16,Tarifs!$B$16,0)))) -> 79 | J2: =IF(B2="","",SUMIFS(Reservations!$G:$G,Reservations!$B:$B,B2)) -> 2 | K2: =IF(OR(B2="",G2=""),"",G2-J2) -> 0 | L2: =IF(K2="","",IF(K2>0,"À appeler",IF(K2=0,"Réservé","Trop réservé"))) -> Réservé | M2: Ligne d'exemple, à effacer
H3: =IF(F3="","",IFERROR(INDEX(Tarifs!$B$2:$B$9,MATCH(F3,Tarifs!$A$2:$A$9,0)),"")) | I3: =IF(OR(G3="",H3=""),"",G3*H3*(1-IF(G3>=Tarifs!$A$17,Tarifs!$B$17,IF(G3>=Tarifs!$A$16,Tarifs!$B$16,0)))) | J3: =IF(B3="","",SUMIFS(Reservations!$G:$G,Reservations!$B:$B,B3)) | K3: =IF(OR(B3="",G3=""),"",G3-J3) | L3: =IF(K3="","",IF(K3>0,"À appeler",IF(K3=0,"Réservé","Trop réservé")))
H4: =IF(F4="","",IFERROR(INDEX(Tarifs!$B$2:$B$9,MATCH(F4,Tarifs!$A$2:$A$9,0)),"")) | I4: =IF(OR(G4="",H4=""),"",G4*H4*(1-IF(G4>=Tarifs!$A$17,Tarifs!$B$17,IF(G4>=Tarifs!$A$16,Tarifs!$B$16,0)))) | J4: =IF(B4="","",SUMIFS(Reservations!$G:$G,Reservations!$B:$B,B4)) | K4: =IF(OR(B4="",G4=""),"",G4-J4) | L4: =IF(K4="","",IF(K4>0,"À appeler",IF(K4=0,"Réservé","Trop réservé")))
H5: =IF(F5="","",IFERROR(INDEX(Tarifs!$B$2:$B$9,MATCH(F5,Tarifs!$A$2:$A$9,0)),"")) | I5: =IF(OR(G5="",H5=""),"",G5*H5*(1-IF(G5>=Tarifs!$A$17,Tarifs!$B$17,IF(G5>=Tarifs!$A$16,Tarifs!$B$16,0)))) | J5: =IF(B5="","",SUMIFS(Reservations!$G:$G,Reservations!$B:$B,B5)) | K5: =IF(OR(B5="",G5=""),"",G5-J5) | L5: =IF(K5="","",IF(K5>0,"À appeler",IF(K5=0,"Réservé","Trop réservé")))
H6: =IF(F6="","",IFERROR(INDEX(Tarifs!$B$2:$B$9,MATCH(F6,Tarifs!$A$2:$A$9,0)),"")) | I6: =IF(OR(G6="",H6=""),"",G6*H6*(1-IF(G6>=Tarifs!$A$17,Tarifs!$B$17,IF(G6>=Tarifs!$A$16,Tarifs!$B$16,0)))) | J6: =IF(B6="","",SUMIFS(Reservations!$G:$G,Reservations!$B:$B,B6)) | K6: =IF(OR(B6="",G6=""),"",G6-J6) | L6: =IF(K6="","",IF(K6>0,"À appeler",IF(K6=0,"Réservé","Trop réservé")))
H7: =IF(F7="","",IFERROR(INDEX(Tarifs!$B$2:$B$9,MATCH(F7,Tarifs!$A$2:$A$9,0)),"")) | I7: =IF(OR(G7="",H7=""),"",G7*H7*(1-IF(G7>=Tarifs!$A$17,Tarifs!$B$17,IF(G7>=Tarifs!$A$16,Tarifs!$B$16,0)))) | J7: =IF(B7="","",SUMIFS(Reservations!$G:$G,Reservations!$B:$B,B7)) | K7: =IF(OR(B7="",G7=""),"",G7-J7) | L7: =IF(K7="","",IF(K7>0,"À appeler",IF(K7=0,"Réservé","Trop réservé")))
H8: =IF(F8="","",IFERROR(INDEX(Tarifs!$B$2:$B$9,MATCH(F8,Tarifs!$A$2:$A$9,0)),"")) | I8: =IF(OR(G8="",H8=""),"",G8*H8*(1-IF(G8>=Tarifs!$A$17,Tarifs!$B$17,IF(G8>=Tarifs!$A$16,Tarifs!$B$16,0)))) | J8: =IF(B8="","",SUMIFS(Reservations!$G:$G,Reservations!$B:$B,B8)) | K8: =IF(OR(B8="",G8=""),"",G8-J8) | L8: =IF(K8="","",IF(K8>0,"À appeler",IF(K8=0,"Réservé","Trop réservé")))
H9: =IF(F9="","",IFERROR(INDEX(Tarifs!$B$2:$B$9,MATCH(F9,Tarifs!$A$2:$A$9,0)),"")) | I9: =IF(OR(G9="",H9=""),"",G9*H9*(1-IF(G9>=Tarifs!$A$17,Tarifs!$B$17,IF(G9>=Tarifs!$A$16,Tarifs!$B$16,0)))) | J9: =IF(B9="","",SUMIFS(Reservations!$G:$G,Reservations!$B:$B,B9)) | K9: =IF(OR(B9="",G9=""),"",G9-J9) | L9: =IF(K9="","",IF(K9>0,"À appeler",IF(K9=0,"Réservé","Trop réservé")))
H10: =IF(F10="","",IFERROR(INDEX(Tarifs!$B$2:$B$9,MATCH(F10,Tarifs!$A$2:$A$9,0)),"")) | I10: =IF(OR(G10="",H10=""),"",G10*H10*(1-IF(G10>=Tarifs!$A$17,Tarifs!$B$17,IF(G10>=Tarifs!$A$16,Tarifs!$B$16,0)))) | J10: =IF(B10="","",SUMIFS(Reservations!$G:$G,Reservations!$B:$B,B10)) | K10: =IF(OR(B10="",G10=""),"",G10-J10) | L10: =IF(K10="","",IF(K10>0,"À appeler",IF(K10=0,"Réservé","Trop réservé")))
H11: =IF(F11="","",IFERROR(INDEX(Tarifs!$B$2:$B$9,MATCH(F11,Tarifs!$A$2:$A$9,0)),"")) | I11: =IF(OR(G11="",H11=""),"",G11*H11*(1-IF(G11>=Tarifs!$A$17,Tarifs!$B$17,IF(G11>=Tarifs!$A$16,Tarifs!$B$16,0)))) | J11: =IF(B11="","",SUMIFS(Reservations!$G:$G,Reservations!$B:$B,B11)) | K11: =IF(OR(B11="",G11=""),"",G11-J11) | L11: =IF(K11="","",IF(K11>0,"À appeler",IF(K11=0,"Réservé","Trop réservé")))
H12: =IF(F12="","",IFERROR(INDEX(Tarifs!$B$2:$B$9,MATCH(F12,Tarifs!$A$2:$A$9,0)),"")) | I12: =IF(OR(G12="",H12=""),"",G12*H12*(1-IF(G12>=Tarifs!$A$17,Tarifs!$B$17,IF(G12>=Tarifs!$A$16,Tarifs!$B$16,0)))) | J12: =IF(B12="","",SUMIFS(Reservations!$G:$G,Reservations!$B:$B,B12)) | K12: =IF(OR(B12="",G12=""),"",G12-J12) | L12: =IF(K12="","",IF(K12>0,"À appeler",IF(K12=0,"Réservé","Trop réservé")))
H13: =IF(F13="","",IFERROR(INDEX(Tarifs!$B$2:$B$9,MATCH(F13,Tarifs!$A$2:$A$9,0)),"")) | I13: =IF(OR(G13="",H13=""),"",G13*H13*(1-IF(G13>=Tarifs!$A$17,Tarifs!$B$17,IF(G13>=Tarifs!$A$16,Tarifs!$B$16,0)))) | J13: =IF(B13="","",SUMIFS(Reservations!$G:$G,Reservations!$B:$B,B13)) | K13: =IF(OR(B13="",G13=""),"",G13-J13) | L13: =IF(K13="","",IF(K13>0,"À appeler",IF(K13=0,"Réservé","Trop réservé")))
H14: =IF(F14="","",IFERROR(INDEX(Tarifs!$B$2:$B$9,MATCH(F14,Tarifs!$A$2:$A$9,0)),"")) | I14: =IF(OR(G14="",H14=""),"",G14*H14*(1-IF(G14>=Tarifs!$A$17,Tarifs!$B$17,IF(G14>=Tarifs!$A$16,Tarifs!$B$16,0)))) | J14: =IF(B14="","",SUMIFS(Reservations!$G:$G,Reservations!$B:$B,B14)) | K14: =IF(OR(B14="",G14=""),"",G14-J14) | L14: =IF(K14="","",IF(K14>0,"À appeler",IF(K14=0,"Réservé","Trop réservé")))
... H301: =IF(F301="","",IFERROR(INDEX(Tarifs!$B$2:$B$9,MATCH(F301,Tarifs!$A$2:$A$9,0)),"")) | I301: =IF(OR(G301="",H301=""),"",G301*H301*(1-IF(G301>=Tarifs!$A$17,Tarifs!$B$17,IF(G301>=Tarifs!$A$16,Tarifs!$B$16,0)))) | J301: =IF(B301="","",SUMIFS(Reservations!$G:$G,Reservations!$B:$B,B301)) | K301: =IF(OR(B301="",G301=""),"",G301-J301) | L301: =IF(K301="","",IF(K301>0,"À appeler",IF(K301=0,"Réservé","Trop réservé")))

Sheet Seances
A1: Date | B1: Heure | C1: Dégustation | D1: Boutique | E1: Capacité | F1: Places réservées | G1: Places restantes | H1: État | I1: Animateur / remarques
A2: 46319 | B2: 0.75 | C2: Initiation Whisky | D2: Spi & Bi (Saint-Pierre) | E2: 6 | F2: =IF(A2="","",SUMIFS(Reservations!$G:$G,Reservations!$E:$E,A2,Reservations!$F:$F,B2,Reservations!$D:$D,C2)) -> 2 | G2: =IF(OR(A2="",E2=""),"",E2-F2) -> 4 | H2: =IF(G2="","",IF(G2<0,"Surbooké",IF(G2=0,"Complet","Ouvert"))) -> Ouvert | I2: Ligne d'exemple, à effacer
F3: =IF(A3="","",SUMIFS(Reservations!$G:$G,Reservations!$E:$E,A3,Reservations!$F:$F,B3,Reservations!$D:$D,C3)) | G3: =IF(OR(A3="",E3=""),"",E3-F3) | H3: =IF(G3="","",IF(G3<0,"Surbooké",IF(G3=0,"Complet","Ouvert")))
F4: =IF(A4="","",SUMIFS(Reservations!$G:$G,Reservations!$E:$E,A4,Reservations!$F:$F,B4,Reservations!$D:$D,C4)) | G4: =IF(OR(A4="",E4=""),"",E4-F4) | H4: =IF(G4="","",IF(G4<0,"Surbooké",IF(G4=0,"Complet","Ouvert")))
F5: =IF(A5="","",SUMIFS(Reservations!$G:$G,Reservations!$E:$E,A5,Reservations!$F:$F,B5,Reservations!$D:$D,C5)) | G5: =IF(OR(A5="",E5=""),"",E5-F5) | H5: =IF(G5="","",IF(G5<0,"Surbooké",IF(G5=0,"Complet","Ouvert")))
F6: =IF(A6="","",SUMIFS(Reservations!$G:$G,Reservations!$E:$E,A6,Reservations!$F:$F,B6,Reservations!$D:$D,C6)) | G6: =IF(OR(A6="",E6=""),"",E6-F6) | H6: =IF(G6="","",IF(G6<0,"Surbooké",IF(G6=0,"Complet","Ouvert")))
F7: =IF(A7="","",SUMIFS(Reservations!$G:$G,Reservations!$E:$E,A7,Reservations!$F:$F,B7,Reservations!$D:$D,C7)) | G7: =IF(OR(A7="",E7=""),"",E7-F7) | H7: =IF(G7="","",IF(G7<0,"Surbooké",IF(G7=0,"Complet","Ouvert")))
F8: =IF(A8="","",SUMIFS(Reservations!$G:$G,Reservations!$E:$E,A8,Reservations!$F:$F,B8,Reservations!$D:$D,C8)) | G8: =IF(OR(A8="",E8=""),"",E8-F8) | H8: =IF(G8="","",IF(G8<0,"Surbooké",IF(G8=0,"Complet","Ouvert")))
F9: =IF(A9="","",SUMIFS(Reservations!$G:$G,Reservations!$E:$E,A9,Reservations!$F:$F,B9,Reservations!$D:$D,C9)) | G9: =IF(OR(A9="",E9=""),"",E9-F9) | H9: =IF(G9="","",IF(G9<0,"Surbooké",IF(G9=0,"Complet","Ouvert")))
F10: =IF(A10="","",SUMIFS(Reservations!$G:$G,Reservations!$E:$E,A10,Reservations!$F:$F,B10,Reservations!$D:$D,C10)) | G10: =IF(OR(A10="",E10=""),"",E10-F10) | H10: =IF(G10="","",IF(G10<0,"Surbooké",IF(G10=0,"Complet","Ouvert")))
F11: =IF(A11="","",SUMIFS(Reservations!$G:$G,Reservations!$E:$E,A11,Reservations!$F:$F,B11,Reservations!$D:$D,C11)) | G11: =IF(OR(A11="",E11=""),"",E11-F11) | H11: =IF(G11="","",IF(G11<0,"Surbooké",IF(G11=0,"Complet","Ouvert")))
F12: =IF(A12="","",SUMIFS(Reservations!$G:$G,Reservations!$E:$E,A12,Reservations!$F:$F,B12,Reservations!$D:$D,C12)) | G12: =IF(OR(A12="",E12=""),"",E12-F12) | H12: =IF(G12="","",IF(G12<0,"Surbooké",IF(G12=0,"Complet","Ouvert")))
F13: =IF(A13="","",SUMIFS(Reservations!$G:$G,Reservations!$E:$E,A13,Reservations!$F:$F,B13,Reservations!$D:$D,C13)) | G13: =IF(OR(A13="",E13=""),"",E13-F13) | H13: =IF(G13="","",IF(G13<0,"Surbooké",IF(G13=0,"Complet","Ouvert")))
F14: =IF(A14="","",SUMIFS(Reservations!$G:$G,Reservations!$E:$E,A14,Reservations!$F:$F,B14,Reservations!$D:$D,C14)) | G14: =IF(OR(A14="",E14=""),"",E14-F14) | H14: =IF(G14="","",IF(G14<0,"Surbooké",IF(G14=0,"Complet","Ouvert")))
... F301: =IF(A301="","",SUMIFS(Reservations!$G:$G,Reservations!$E:$E,A301,Reservations!$F:$F,B301,Reservations!$D:$D,C301)) | G301: =IF(OR(A301="",E301=""),"",E301-F301) | H301: =IF(G301="","",IF(G301<0,"Surbooké",IF(G301=0,"Complet","Ouvert")))

Sheet Reservations
A1: Date de la demande | B1: N° de commande | C1: Client | D1: Dégustation | E1: Date de la séance | F1: Heure | G1: Nb de places | H1: Pris par | I1: Contrôle | J1: Remarques | K1: Moyen de contact
A2: 46310 | B2: Exemple-1 | C2: =IF(B2="","",IFERROR(INDEX(Achats!$C:$C,MATCH(B2,Achats!$B:$B,0)),"N° inconnu dans Achats")) -> Exemple : M. Martin | D2: =IF(B2="","",IFERROR(INDEX(Achats!$F:$F,MATCH(B2,Achats!$B:$B,0)),"")) -> Initiation Whisky | E2: 46319 | F2: 0.75 | G2: 2 | H2: Axel | I2: =IF(OR(B2="",E2=""),"",IF(COUNTIFS(Seances!$A:$A,E2,Seances!$B:$B,F2,Seances!$C:$C,D2)=0,"Séance à créer dans Seances","OK")) -> OK | J2: Ligne d'exemple, à effacer | K2: Téléphone
C3: =IF(B3="","",IFERROR(INDEX(Achats!$C:$C,MATCH(B3,Achats!$B:$B,0)),"N° inconnu dans Achats")) | D3: =IF(B3="","",IFERROR(INDEX(Achats!$F:$F,MATCH(B3,Achats!$B:$B,0)),"")) | I3: =IF(OR(B3="",E3=""),"",IF(COUNTIFS(Seances!$A:$A,E3,Seances!$B:$B,F3,Seances!$C:$C,D3)=0,"Séance à créer dans Seances","OK"))
C4: =IF(B4="","",IFERROR(INDEX(Achats!$C:$C,MATCH(B4,Achats!$B:$B,0)),"N° inconnu dans Achats")) | D4: =IF(B4="","",IFERROR(INDEX(Achats!$F:$F,MATCH(B4,Achats!$B:$B,0)),"")) | I4: =IF(OR(B4="",E4=""),"",IF(COUNTIFS(Seances!$A:$A,E4,Seances!$B:$B,F4,Seances!$C:$C,D4)=0,"Séance à créer dans Seances","OK"))
C5: =IF(B5="","",IFERROR(INDEX(Achats!$C:$C,MATCH(B5,Achats!$B:$B,0)),"N° inconnu dans Achats")) | D5: =IF(B5="","",IFERROR(INDEX(Achats!$F:$F,MATCH(B5,Achats!$B:$B,0)),"")) | I5: =IF(OR(B5="",E5=""),"",IF(COUNTIFS(Seances!$A:$A,E5,Seances!$B:$B,F5,Seances!$C:$C,D5)=0,"Séance à créer dans Seances","OK"))
C6: =IF(B6="","",IFERROR(INDEX(Achats!$C:$C,MATCH(B6,Achats!$B:$B,0)),"N° inconnu dans Achats")) | D6: =IF(B6="","",IFERROR(INDEX(Achats!$F:$F,MATCH(B6,Achats!$B:$B,0)),"")) | I6: =IF(OR(B6="",E6=""),"",IF(COUNTIFS(Seances!$A:$A,E6,Seances!$B:$B,F6,Seances!$C:$C,D6)=0,"Séance à créer dans Seances","OK"))
C7: =IF(B7="","",IFERROR(INDEX(Achats!$C:$C,MATCH(B7,Achats!$B:$B,0)),"N° inconnu dans Achats")) | D7: =IF(B7="","",IFERROR(INDEX(Achats!$F:$F,MATCH(B7,Achats!$B:$B,0)),"")) | I7: =IF(OR(B7="",E7=""),"",IF(COUNTIFS(Seances!$A:$A,E7,Seances!$B:$B,F7,Seances!$C:$C,D7)=0,"Séance à créer dans Seances","OK"))
C8: =IF(B8="","",IFERROR(INDEX(Achats!$C:$C,MATCH(B8,Achats!$B:$B,0)),"N° inconnu dans Achats")) | D8: =IF(B8="","",IFERROR(INDEX(Achats!$F:$F,MATCH(B8,Achats!$B:$B,0)),"")) | I8: =IF(OR(B8="",E8=""),"",IF(COUNTIFS(Seances!$A:$A,E8,Seances!$B:$B,F8,Seances!$C:$C,D8)=0,"Séance à créer dans Seances","OK"))
C9: =IF(B9="","",IFERROR(INDEX(Achats!$C:$C,MATCH(B9,Achats!$B:$B,0)),"N° inconnu dans Achats")) | D9: =IF(B9="","",IFERROR(INDEX(Achats!$F:$F,MATCH(B9,Achats!$B:$B,0)),"")) | I9: =IF(OR(B9="",E9=""),"",IF(COUNTIFS(Seances!$A:$A,E9,Seances!$B:$B,F9,Seances!$C:$C,D9)=0,"Séance à créer dans Seances","OK"))
C10: =IF(B10="","",IFERROR(INDEX(Achats!$C:$C,MATCH(B10,Achats!$B:$B,0)),"N° inconnu dans Achats")) | D10: =IF(B10="","",IFERROR(INDEX(Achats!$F:$F,MATCH(B10,Achats!$B:$B,0)),"")) | I10: =IF(OR(B10="",E10=""),"",IF(COUNTIFS(Seances!$A:$A,E10,Seances!$B:$B,F10,Seances!$C:$C,D10)=0,"Séance à créer dans Seances","OK"))
C11: =IF(B11="","",IFERROR(INDEX(Achats!$C:$C,MATCH(B11,Achats!$B:$B,0)),"N° inconnu dans Achats")) | D11: =IF(B11="","",IFERROR(INDEX(Achats!$F:$F,MATCH(B11,Achats!$B:$B,0)),"")) | I11: =IF(OR(B11="",E11=""),"",IF(COUNTIFS(Seances!$A:$A,E11,Seances!$B:$B,F11,Seances!$C:$C,D11)=0,"Séance à créer dans Seances","OK"))
C12: =IF(B12="","",IFERROR(INDEX(Achats!$C:$C,MATCH(B12,Achats!$B:$B,0)),"N° inconnu dans Achats")) | D12: =IF(B12="","",IFERROR(INDEX(Achats!$F:$F,MATCH(B12,Achats!$B:$B,0)),"")) | I12: =IF(OR(B12="",E12=""),"",IF(COUNTIFS(Seances!$A:$A,E12,Seances!$B:$B,F12,Seances!$C:$C,D12)=0,"Séance à créer dans Seances","OK"))
C13: =IF(B13="","",IFERROR(INDEX(Achats!$C:$C,MATCH(B13,Achats!$B:$B,0)),"N° inconnu dans Achats")) | D13: =IF(B13="","",IFERROR(INDEX(Achats!$F:$F,MATCH(B13,Achats!$B:$B,0)),"")) | I13: =IF(OR(B13="",E13=""),"",IF(COUNTIFS(Seances!$A:$A,E13,Seances!$B:$B,F13,Seances!$C:$C,D13)=0,"Séance à créer dans Seances","OK"))
C14: =IF(B14="","",IFERROR(INDEX(Achats!$C:$C,MATCH(B14,Achats!$B:$B,0)),"N° inconnu dans Achats")) | D14: =IF(B14="","",IFERROR(INDEX(Achats!$F:$F,MATCH(B14,Achats!$B:$B,0)),"")) | I14: =IF(OR(B14="",E14=""),"",IF(COUNTIFS(Seances!$A:$A,E14,Seances!$B:$B,F14,Seances!$C:$C,D14)=0,"Séance à créer dans Seances","OK"))
... C301: =IF(B301="","",IFERROR(INDEX(Achats!$C:$C,MATCH(B301,Achats!$B:$B,0)),"N° inconnu dans Achats")) | D301: =IF(B301="","",IFERROR(INDEX(Achats!$F:$F,MATCH(B301,Achats!$B:$B,0)),"")) | I301: =IF(OR(B301="",E301=""),"",IF(COUNTIFS(Seances!$A:$A,E301,Seances!$B:$B,F301,Seances!$C:$C,D301)=0,"Séance à créer dans Seances","OK"))
